Trade DATE,AXP,AMGN,AAPL,BA,CAT,CSCO,CVX,GS,HD,HON,IBM,INTC,JNJ,KO,JPM,MCD,MMM,MRK,MSFT,NKE,PG,TRV,UNH,CRM,VZ,V,WBA,WMT,DIS,AGG,SPY,VTI,VTV,VOE,VBR,VEA,VWO,IEMG,VTIP,AGG,MUB,BNDX,EMB,JPST,GBIL,SHV,BTC,ADA,ETH,UNI
2021-02-17,128.57,235.46,130.84,215.61,202.31,46.24,95.92,312.76,280.97,201.89,119.98,61.84,165.62,50.14,145.08,213.45,176.65,75.545,244.26,144.02,128.46,148.45,326.94,247.67,56.99,207.52,49.56,147.39,186.43,116.28,392.43,206.74,125.12,127.92,157.45,49.59,56.45,69.46,51.4,116.28,117.26,57.6,112.72,50.795,100.13,110.525,52079.2,0.891702,1847.95,21.508000000000003
2021-02-18,128.49,232.58,129.7127,208.58,199.88,46.36,95.0,310.18,283.1,203.52,120.73,61.61,165.86,50.78,145.61,215.44,179.4,75.43,243.79,145.09,129.55,147.69,328.51,247.05,56.97,209.41,48.91,137.62,183.0,116.2,390.75,205.56,124.42,127.13,155.44,49.28,55.73,68.58,51.34,116.2,116.905,57.53,112.61,50.795,100.135,110.53,51582.2,0.913752,1934.16,21.166999999999998
2021-02-19,131.74,231.62,129.85,217.47,210.01,45.67,95.82,315.51,279.66,203.62,118.98,63.01,162.97,50.12,148.04,212.24,176.54,74.3193,241.03,142.01,127.12,145.83,324.65,246.51,56.45,204.92,48.86,138.37,183.68,115.83,390.02,205.94,124.86,128.89,158.5,49.49,56.04,69.035,51.32,115.83,116.68,57.375,112.0,50.8035,100.135,110.525,55906.6,0.9258940000000001,1955.59,20.0674
2021-02-22,135.94,231.48,126.01,212.89,218.05,45.43,98.38,316.88,275.86,203.63,120.91,60.71,161.79,50.62,149.5,211.97,176.15,74.92,234.6,136.71,126.6,147.87,327.76,240.96,56.45,208.35,48.88,137.72,191.76,115.49,387.11,203.97,125.69,129.58,159.6,49.35,54.47,67.06,51.41,115.49,116.18,57.34,111.23,50.8026,100.13,110.525,54111.8,1.096866,1777.28,27.7601
2021-02-23,136.95,232.5,125.85,212.13,220.18,45.51,99.59,319.21,267.23,205.0,120.71,61.12,160.45,50.54,150.6,211.38,176.13,74.54,233.27,136.13,127.5,149.34,329.6,235.64,57.02,212.14,48.41,135.43,197.01,115.52,387.5,203.92,126.15,130.09,159.99,49.37,54.77,67.41,51.455,115.52,116.05,57.305,111.39,50.81,100.13,110.5211,48911.2,0.963973,1578.11,24.8447
2021-02-24,139.88,230.11,125.32,229.33,222.48,45.74,103.31,330.43,259.97,211.03,123.21,63.2,162.57,50.7,153.25,213.27,177.47,74.56,234.54,135.7,127.66,150.86,332.01,240.47,57.11,219.45,49.2,133.21,197.51,115.47,391.76,206.28,127.81,132.19,163.17,49.54,54.43,67.0,51.48,115.47,115.81,57.23,111.57,50.8,100.13,110.53,49697.5,1.0481479999999999,1623.71,25.2214
2021-02-25,137.09,227.43,121.0,216.4,221.74,45.52,102.35,327.65,255.18,204.79,122.5,60.39,162.7,50.17,151.18,210.87,178.75,74.61,228.83,135.57,126.58,147.96,329.1,230.94,56.506,213.81,48.29,131.99,190.99,114.41,382.39,200.82,125.61,128.52,158.59,48.705,53.23,65.56,51.18,114.41,115.3,56.78,109.55,50.795,100.13,110.51,46928.5,1.0751700000000002,1476.15,23.250999999999998
2021-02-26,135.16,224.91,121.2,212.01,215.82,44.86,99.96,319.48,258.32,202.19,118.93,60.68,158.27,48.99,147.1,206.14,175.04,72.63,232.19,134.76,123.46,145.49,331.75,216.36,55.295,212.4,47.9,129.88,188.94,115.37,380.32,200.08,123.92,127.54,157.85,48.02,52.5,64.7,51.4,115.37,115.58,57.135,110.07,50.79,100.13,110.515,46345.6,1.241585,1445.44,23.136999999999997
2021-03-01,138.73,227.17,127.79,224.3094,219.64,45.93,102.02,329.81,261.69,206.31,120.74,62.88,159.34,49.9,150.48,208.21,176.35,72.3601,236.94,137.63,124.29,150.39,334.59,217.44,55.35,216.66,47.87,131.33,194.98,115.13,389.52,205.18,126.61,130.41,162.32,48.95,53.92,66.44,51.455,115.13,115.39,57.37,110.32,50.78,100.12,110.53,49595.5,1.2962,1570.03,25.7178
2021-03-02,139.2,225.69,125.1601,223.09,215.68,45.51,102.44,330.75,260.38,206.57,120.35,61.23,159.14,50.11,150.04,208.63,177.11,72.84,233.87,137.05,123.88,149.04,334.82,213.6,54.99,215.83,47.44,130.13,193.92,115.12,386.55,203.24,126.37,130.11,160.61,48.91,53.42,65.79,51.56,115.12,115.59,57.37,110.22,50.77,100.125,110.51,48424.2,1.224643,1488.62,25.5358
2021-03-03,142.58,223.8,122.06,228.55,214.98,45.13,103.63,334.19,257.34,207.05,122.35,59.87,156.165,49.97,152.92,205.77,178.18,73.2973,227.55,134.27,123.17,150.7,332.8,205.95,55.37,214.9,47.62,127.57,192.28,114.71,381.45,200.23,126.33,130.06,160.89,48.62,53.38,65.68,51.54,114.71,115.44,57.19,109.6,50.7623,100.13,110.52,50395.1,1.214324,1571.05,25.3704
2021-03-04,142.71,221.78,120.22,224.7,212.93,44.62,104.46,329.59,250.96,203.06,120.16,58.34,153.15,49.94,150.68,204.85,177.49,72.17,226.9,132.08,122.21,149.02,333.84,205.44,54.81,211.64,46.87,127.56,188.05,114.36,376.73,197.13,125.14,128.18,158.16,48.13,52.205,64.23,51.47,114.36,115.5,57.1,108.65,50.755,100.12,110.51,48428.0,1.11249,1538.61,28.2687
2021-03-05,147.33,227.79,121.39,223.22,220.15,46.22,108.95,327.46,253.44,206.58,122.83,60.73,156.09,50.79,151.02,207.36,180.87,73.1,231.58,133.31,126.02,152.21,346.77,210.76,55.97,215.41,47.2,129.09,189.9,114.285,383.595,200.68,127.9,131.19,162.43,48.51,52.62,64.83,51.495,114.285,115.51,57.16,108.61,50.76,100.13,110.515,48792.5,1.1582270000000001,1530.29,28.3315
2021-03-08,150.29,227.57,116.4,223.91,221.69,47.52,109.76,334.19,258.95,207.61,124.85,59.84,157.29,51.64,152.92,209.08,183.76,74.14,227.42,134.55,127.3,155.9,350.17,207.72,56.79,220.21,48.49,127.88,201.92,113.84,381.74,199.69,129.37,133.06,164.74,48.275,51.23,63.16,51.3499,113.84,115.62,57.06,106.77,50.7301,100.125,110.51,52311.0,1.118466,1831.49,33.165
2021-03-09,145.09,229.0,121.08,230.62,216.83,47.9,109.59,330.44,264.9,207.61,124.17,62.67,157.7,50.86,151.75,208.49,181.12,74.14,233.68,135.95,126.14,153.85,351.98,211.41,56.2,220.2,48.46,128.86,194.51,114.25,387.11,202.81,128.9,132.46,164.8,48.91,52.34,64.43,51.42,114.25,115.93,57.22,107.99,50.725,100.125,110.51,54879.0,1.1972,1869.1,32.8339
2021-03-10,146.71,229.98,119.97,245.3237,220.97,48.26,111.37,342.16,266.24,212.82,127.84,62.23,159.09,51.45,155.14,213.3,184.47,74.76,232.39,137.6,127.35,155.41,349.49,211.96,57.085,223.17,50.52,132.18,195.05,114.45,389.5199,204.28,130.65,134.515,167.56,49.1,52.23,64.23,51.53,114.45,116.12,57.26,109.03,50.73,100.125,110.5101,55851.9,1.133092,1794.14,30.8809
2021-03-11,147.75,231.18,121.95,251.99,219.63,48.81,111.15,342.12,268.85,212.5,127.14,63.32,159.15,50.88,154.29,211.57,184.55,74.63,237.26,141.19,126.89,155.08,353.05,215.95,55.5096,226.15,51.55,132.13,196.75,114.44,393.5,206.95,130.58,135.39,169.4,49.475,53.82,66.21,51.65,114.44,116.23,57.345,109.82,50.72,100.12,110.51,57799.5,1.124155,1825.79,30.9915
2021-03-12,148.52,230.35,121.05,269.12,229.01,48.82,111.56,348.66,273.18,214.38,127.61,62.89,159.63,50.35,156.12,212.29,184.87,74.61,235.8,140.49,128.15,157.26,355.85,212.1,55.63,224.35,53.21,134.1,197.06,113.79,394.09,207.38,131.7799,137.0,171.42,49.59,52.85,65.07,51.595,113.79,115.82,57.125,108.47,50.73,100.13,110.515,57265.1,1.03205,1766.9,30.8985
2021-03-15,146.98,236.1,124.0,265.59,230.65,49.41,110.21,346.06,278.5,216.19,128.58,63.8,160.38,51.03,155.34,220.5,189.48,76.22,234.81,144.93,128.55,157.39,353.82,212.8,55.62,223.26,55.06,133.43,196.73,113.94,396.47,208.78,132.1,138.17,172.72,49.71,52.84,65.22,51.6364,113.94,116.16,57.27,109.17,50.72,100.12,110.51,55791.3,1.0309540000000001,1792.38,29.7184
2021-03-16,143.29,240.33,125.57,255.2001,226.5,49.67,107.65,341.96,282.14,211.67,128.27,64.79,161.31,51.21,153.51,219.9,186.91,76.815,237.69,144.66,128.91,156.63,354.59,214.48,55.64,224.65,54.7,133.39,194.22,113.87,395.94,208.01,131.27,136.52,170.18,49.765,53.075,65.57,51.72,113.87,116.23,57.215,109.55,50.72,100.13,110.515,56889.7,1.249261,1804.85,30.0
2021-03-17,144.75,244.49,124.8,263.52,233.63,49.45,108.02,344.95,280.1,213.04,129.03,65.78,160.9,51.26,155.1,224.09,188.33,77.29,237.19,144.86,128.41,157.98,352.09,213.17,55.76,223.0,54.12,132.3,195.24,113.87,397.22,208.79,131.8,137.69,171.34,50.06,53.1,65.57,51.72,113.87,116.0,57.1,110.46,50.72,100.13,110.525,58913.5,1.377406,1823.35,31.3276
2021-03-18,142.58,244.5,120.55,256.16,230.64,48.81,104.13,348.12,283.29,215.02,130.07,63.72,160.44,50.56,157.7,222.97,191.03,77.28,230.72,143.34,128.69,156.83,362.05,209.53,56.32,220.66,52.69,129.99,192.3,113.42,391.41,205.08,131.29,136.47,168.56,49.58,52.3,64.49,51.55,113.42,115.57,56.97,108.97,50.72,100.13,110.5289,57656.0,1.2312299999999998,1776.08,29.967
2021-03-19,140.72,245.53,119.87,255.82,225.22,48.96,103.24,344.1,288.4,212.91,128.9,63.73,159.98,50.72,154.57,222.5,188.73,77.36,229.91,137.54,128.07,149.29,365.02,212.16,56.24,206.88,52.46,131.75,191.45,113.5,389.5,205.15,130.73,136.31,168.68,49.74,52.81,65.16,51.54,113.5,115.63,57.07,109.3,50.75,100.13,110.53,58088.0,1.2959319999999999,1809.64,33.2514
2021-03-22,139.95,249.75,123.37,251.18,226.01,50.32,102.54,339.3,288.74,212.03,130.55,65.66,160.55,51.0,150.98,225.08,189.47,77.53,236.04,138.37,130.15,147.575,366.72,215.17,56.59,207.99,53.12,132.345,192.8701,113.75,392.54,206.38,130.88,135.92,166.82,49.54,52.66,65.05,51.58,113.75,115.72,57.125,109.52,50.75,100.135,110.52,54158.3,1.103464,1682.37,32.8211
2021-03-23,136.09,245.04,122.55,241.25,218.3,50.01,101.94,331.65,289.99,208.48,130.48,63.48,160.41,51.38,149.47,224.38,188.28,76.28,237.53,137.15,132.59,146.96,368.62,214.97,56.91,208.29,52.03,133.93,188.76,114.04,389.59,204.15,129.34,133.23,161.44,48.78,51.78,63.84,51.56,114.04,115.81,57.29,109.155,50.74,100.13,110.53,54452.5,1.116343,1667.9,31.0002
2021-03-24,138.44,245.65,120.07,239.11,221.28,49.65,104.76,328.61,293.02,212.2,130.62,62.01,161.91,51.515,150.61,224.06,190.7,76.24,235.46,133.16,132.6,149.35,370.51,209.53,57.02,208.024,51.77,133.12,184.72,114.17,387.53,202.38,129.38,132.7483,160.06,48.57,50.54,62.41,51.66,114.17,115.98,57.35,109.47,50.745,100.13,110.52,52325.4,1.070167,1582.38,27.4078
2021-03-25,142.31,246.25,120.63,247.37,224.24,50.52,105.11,330.68,297.66,213.89,133.07,62.005,162.02,52.04,152.61,224.32,193.07,76.08,232.32,128.67,133.48,152.79,371.11,205.4,57.36,208.04,51.7,134.01,186.92,114.095,389.63,203.18,130.2,134.29,163.23,48.88,50.64,62.71,51.595,114.095,116.02,57.4,109.22,50.74,100.13,110.53,51322.3,1.096429,1586.54,26.5118
2021-03-26,143.66,252.91,121.21,244.88,229.5774,52.58,107.465,327.38,303.66,218.56,136.32,64.88,164.81,53.04,155.07,225.07,194.81,77.37,236.48,133.0,135.56,153.65,376.75,209.09,58.18,213.4,52.02,135.0699,185.86,113.93,395.99,206.49,132.28,135.78,166.41,49.56,51.9,64.225,51.64,113.93,115.97,57.29,109.26,50.745,100.135,110.5201,55036.1,1.214457,1698.6,28.9782
2021-03-29,142.18,254.96,121.39,250.67,230.21,52.55,106.95,325.86,302.21,218.88,135.87,64.51,166.07,53.85,152.7098,227.48,195.69,78.3,235.27,133.47,137.57,153.88,379.2,210.85,58.83,214.52,52.88,136.67,184.83,113.72,395.77,205.57,131.97,134.72,163.24,49.32,51.62,63.835,51.585,113.72,115.91,57.16,108.685,50.745,100.13,110.525,57616.2,1.202812,1816.69,29.0185
2021-03-30,143.42,249.75,119.88,251.81,233.035,51.78,105.81,331.54,304.75,218.35,134.66,63.78,164.93,53.13,154.31,224.96,194.61,76.89,232.26,132.81,135.45,153.9,373.25,209.55,58.59,211.66,53.11,135.72,185.41,113.815,394.4,205.33,131.92,135.47,165.58,49.22,51.79,64.04,51.535,113.815,116.07,57.1,108.73,50.76,100.135,110.52,58771.3,1.212645,1841.01,28.5605
2021-03-31,141.55,248.79,122.18,254.6,232.15,51.7,104.84,327.19,305.25,217.2,133.28,64.08,164.43,52.73,152.3201,224.17,192.68,77.09,235.92,133.03,135.57,150.4,372.56,211.86,58.14,212.25,54.92,135.85,184.61,113.82,396.28,206.65,131.42,134.74,165.54,49.11,52.04,64.36,51.54,113.82,116.06,57.115,108.86,50.75,100.13,110.515,58763.7,1.191349,1917.99,28.038
2021-04-01,144.56,249.05,123.0,252.97,232.74,51.99,105.77,327.72,307.76,216.8,133.25,64.56,162.81,52.5,153.6702,225.2,192.71,77.08,242.39,132.57,134.24,150.62,367.16,218.77,58.3,216.89,54.76,135.54,188.9699,114.02,400.53,209.18,132.11,136.18,167.59,49.78,52.515,65.05,51.59,114.02,115.96,57.15,109.31,50.73,100.13,110.52,58718.3,1.18282,1967.96,28.6848
2021-04-05,146.07,252.09,125.9001,259.4508,233.7,52.41,104.49,323.54,315.43,219.28,135.92,66.53,163.29,52.8,153.59,228.87,194.91,76.99,249.07,135.17,136.4,151.99,370.05,220.2,58.86,219.11,56.79,139.42,188.47,113.81,406.3,211.71,133.19,137.15,168.38,50.495,52.63,65.27,51.54,113.81,115.88,57.0823,109.25,50.73,100.12,110.5199,58993.4,1.211655,2106.41,30.785
2021-04-06,146.14,249.09,126.23,255.13,230.59,52.02,103.58,327.06,313.78,219.19,134.24,65.57,163.44,53.19,152.52,231.95,194.84,75.8,247.87,137.13,136.51,151.75,364.37,221.06,59.1,218.695,55.7,140.1083,189.79,114.21,406.06,211.81,133.07,137.38,168.26,50.06,52.9,65.61,51.55,114.21,116.12,57.21,109.62,50.73,100.12,110.53,57996.3,1.2518850000000001,2111.53,31.2328
2021-04-07,147.17,248.05,127.91,252.51,230.32,51.76,104.18,326.55,312.47,218.45,134.93,66.24,163.63,53.28,154.93,232.6,195.05,76.13,249.89,136.54,136.73,152.22,365.56,220.79,58.99,219.27,55.58,139.8,187.55,114.03,406.5711,211.64,133.01,137.03,167.2,50.14,52.13,64.71,51.6,114.03,116.145,57.2,109.24,50.725,100.13,110.53,55948.7,1.174041,1961.46,28.5023
2021-04-08,147.0217,246.89,130.37,254.87,230.57,51.91,103.01,330.98,314.43,219.86,135.16,67.05,162.94,53.14,155.12,230.25,195.76,75.51,253.26,133.68,137.28,150.36,365.12,224.45,57.6,220.79,54.79,139.72,187.34,114.3,408.49,212.84,132.85,136.67,167.46,50.44,52.67,65.29,51.66,114.3,116.33,57.27,109.83,50.73,100.12,110.525,58077.4,1.218895,2079.92,30.2033
2021-04-09,147.78,248.96,133.0,252.315,230.73,52.1,102.86,330.81,319.23,226.9,135.725,68.26,161.25,53.18,156.35,231.48,197.95,76.325,255.83,135.46,136.35,151.61,376.3447,231.29,57.46,222.53,54.17,139.79,187.9,114.18,411.435,214.14,133.63,137.21,168.0,50.565,52.215,64.74,51.64,114.18,116.34,57.1628,109.59,50.72,100.13,110.525,58118.7,1.201904,2066.93,29.5108
2021-04-12,147.58,248.95,131.26,249.57,230.99,51.56,101.78,331.9,320.82,228.65,134.6,65.4,161.69,53.37,155.98,230.93,197.83,76.22,255.96,136.67,136.97,151.79,376.5,228.7,57.55,221.56,54.7,139.82,186.49,114.15,411.62,214.18,133.68,137.47,168.55,50.31,51.86,64.35,51.64,114.15,116.39,57.12,109.77,50.72,100.12,110.5101,59863.8,1.315495,2137.81,36.6907
2021-04-13,146.03,249.95,134.41,253.13,229.32,51.67,102.27,327.68,320.42,229.01,131.19,65.23,159.5199,53.09,154.09,231.32,196.51,76.41,258.49,133.53,135.12,152.23,374.49,232.0,57.62,220.96,54.6,139.37,185.55,114.46,412.82,214.84,133.25,137.05,167.32,50.63,51.88,64.58,51.71,114.46,116.54,57.18,110.34,50.72,100.12,110.51,63540.9,1.412372,2299.93,35.4216
2021-04-14,147.44,249.69,132.12,252.4,232.63,51.38,104.28,335.31,320.09,229.51,132.67,64.23,160.01,53.09,151.25,230.33,196.81,76.41,255.91,132.27,135.62,155.49,375.49,228.1,57.7,222.05,54.48,139.37,187.47,114.38,411.48,214.35,133.8,137.72,168.95,50.685,52.15,64.93,51.72,114.38,116.62,57.1,110.24,50.72,100.13,110.515,62980.4,1.451656,2431.56,36.1112
2021-04-15,148.57,255.04,134.5,251.1799,232.54,51.64,103.44,338.62,322.84,229.87,132.61,65.04,160.49,53.34,152.16,231.28,197.52,76.68,259.56,133.67,137.22,154.38,390.16,233.08,57.7,226.36,53.71,140.16,185.92,114.81,415.82,216.57,134.54,138.34,169.6,51.075,52.61,65.5,51.76,114.81,117.035,57.235,111.58,50.73,100.125,110.52,63216.0,1.478656,2514.22,37.7447
2021-04-16,149.99,255.72,134.15,248.2,233.32,52.81,102.97,342.45,328.18,232.06,133.62,64.75,162.27,53.68,153.33,233.15,198.61,77.47,260.74,134.3,137.32,155.95,391.01,231.89,58.26,226.49,53.31,140.54,187.26,114.54,417.31,217.13,135.32,138.97,170.5108,51.37,52.8,65.68,51.75,114.54,116.96,57.14,111.21,50.725,100.13,110.51,61379.7,1.410876,2423.18,36.1211
2021-04-19,148.55,255.86,134.921,244.23,232.51,52.89,103.31,343.31,326.51,230.96,133.19,63.64,163.0,54.0,152.73,231.8,198.69,77.67,258.96,132.6,136.58,154.5,389.42,230.59,58.42,225.95,53.78,139.76,187.53,114.44,415.24,215.77,135.01,138.46,169.69,51.23,52.67,65.5,51.74,114.44,116.92,57.07,111.15,50.725,100.13,110.51,55646.1,1.1958540000000002,2160.63,31.4223
2021-04-20,145.13,259.14,133.12,234.06,227.62,51.79,101.31,331.88,323.9593,227.3,138.2,62.71,166.47,54.17,149.27,233.02,198.23,78.57,258.28,127.14,137.75,155.63,396.75,227.96,58.38,223.36,53.35,140.79,182.8,114.62,412.22,213.84,133.98,137.14,166.44,50.38,52.26,65.02,51.745,114.62,116.99,57.17,110.86,50.735,100.13,110.51,56483.2,1.2673530000000002,2332.14,31.9898
2021-04-21,147.15,258.74,133.49,235.91,232.47,51.93,102.77,335.33,325.9,230.55,143.64,63.66,166.64,54.62,150.54,232.31,200.95,79.25,260.61,129.89,136.87,157.36,398.8,230.54,58.13,227.35,54.04,141.22,183.11,114.74,416.08,216.29,135.39,139.04,169.7,50.85,52.69,65.46,51.735,114.74,117.0,57.225,111.06,50.745,100.13,110.51,53820.2,1.20451,2360.81,33.4146
2021-04-22,147.16,255.05,131.94,234.25,228.89,51.49,100.96,330.85,321.39,229.1,141.28,62.57,165.19,54.44,147.36,232.96,201.01,77.97,257.2,129.17,134.64,155.82,396.55,231.45,57.287,227.58,52.59,139.66,182.6971,114.77,412.3,214.55,134.26,137.9,168.69,50.64,52.59,65.22,51.75,114.77,117.05,57.225,111.25,50.75,100.13,110.51,51729.5,1.14634,2401.1,33.9543
2021-04-23,144.3,256.99,134.3,238.355,230.11,51.91,101.55,339.33,323.79,224.5,142.43,59.25,165.44,54.46,150.21,234.58,202.3,77.88,261.13,130.17,133.94,157.86,400.38,233.473,57.3,230.0,53.01,139.88,183.0294,114.75,416.72,217.17,135.3,139.42,171.49,51.18,53.3,66.125,51.755,114.75,117.075,57.17,111.38,50.74,100.12,110.515,51143.6,1.1568319999999999,2367.31,32.9372
2021-04-26,150.39,255.49,134.73,241.43,230.56,51.65,101.52,343.65,320.05,221.46,141.63,58.74,164.23,53.67,150.4901,232.31,199.58,77.53,261.55,131.6299,131.23,155.8,395.85,235.52,56.94,230.43,52.73,137.92,184.39,114.65,417.64,217.94,135.1,140.1,172.55,51.29,53.37,66.255,51.76,114.65,117.08,57.15,110.92,50.75,100.12,110.51,54020.5,1.234457,2533.12,38.19
2021-04-27,150.36,255.23,134.39,242.14,230.32,51.37,102.7,346.51,320.5701,222.8,142.01,57.97,163.18,53.58,151.22,235.01,194.38,77.36,262.18,132.11,131.17,155.19,394.55,234.1,56.32,229.55,52.5,138.39,184.59,114.37,417.48,217.89,135.39,140.38,173.35,51.13,53.45,66.26,51.8,114.37,117.03,57.075,110.29,50.76,100.12,110.51,55036.5,1.3079290000000001,2665.24,39.608000000000004
2021-04-28,152.55,236.79,133.7801,235.53,232.31,51.11,105.29,348.37,319.78,222.86,143.04,57.61,161.98,53.6,152.26,232.47,196.11,77.12,254.71,130.76,131.41,153.79,394.96,236.97,56.45,233.52,52.41,137.92,183.45,114.44,417.35,217.86,135.59,140.49,173.66,51.29,53.9,66.75,51.95,114.44,116.97,57.08,110.68,50.75,100.12,110.52,54841.4,1.336893,2746.54,42.836999999999996
2021-04-29,154.64,234.79,133.48,236.0,227.53,51.45,106.9,353.08,325.4,223.93,144.25,58.29,164.19,54.26,155.2,235.25,199.07,73.7,252.46,133.27,132.5,155.7,401.65,234.36,57.31,236.86,52.74,139.62,185.29,114.37,419.99,218.75,136.8,141.65,174.41,51.3,53.76,66.59,51.99,114.37,116.75,56.925,110.8,50.75,100.125,110.51,53560.8,1.306997,2757.36,41.05
2021-04-30,153.4,239.62,131.53,234.38,228.15,50.94,103.05,348.45,323.77,222.98,141.91,57.55,162.64,53.99,153.8101,236.08,197.21,74.52,252.27,132.62,133.43,154.69,399.18,230.31,57.82,233.81,53.11,139.93,186.1,114.5,417.3,217.11,136.02,140.91,172.23,50.62,52.98,65.48,51.99,114.5,116.75,56.96,111.08,50.75,100.12,110.515,57720.3,1.352103,2772.78,40.659
2021-05-03,154.81,245.37,132.5563,235.2,228.17,51.18,105.53,350.03,330.29,223.21,144.75,57.26,165.21,54.5,153.37,235.48,198.56,75.96,251.8801,133.04,135.0,156.6,405.94,223.74,57.9201,232.72,54.3,142.13,185.54,114.4,418.18,217.47,137.31,141.905,173.89,51.16,52.955,65.47,52.07,114.4,116.47,56.91,110.62,50.725,100.12,110.515,57169.8,1.36216,3429.37,42.265
2021-05-04,154.55,247.41,127.93,233.74,233.48,50.71,106.12,349.99,332.97,225.6,145.77,56.95,167.81,54.15,155.5102,233.95,199.48,76.0,247.93,131.61,134.58,158.54,411.64,217.33,58.61,232.22,54.14,140.74,184.2811,114.5285,415.64,215.8693,137.68,141.96,173.8801,50.5,52.275,64.71,52.155,114.5285,116.445,56.99,110.75,50.73,100.125,110.52,53741.5,1.288982,3286.71,42.662
2021-05-05,156.4,249.35,128.16,228.17,237.92,51.13,108.95,357.62,332.12,226.18,145.24,56.84,167.12,54.0,157.5201,235.08,201.49,77.71,246.51,132.17,133.44,159.29,412.51,215.47,58.695,229.3,54.47,140.62,181.5,114.61,415.72,215.65,138.36,142.21,174.18,51.12,52.52,65.03,52.27,114.61,116.56,56.995,110.88,50.72,100.12,110.515,57441.3,1.4779959999999999,3522.76,42.441
2021-05-06,156.92,251.3,129.72,229.79,237.15,52.44,108.972,365.97,337.59,228.63,148.42,57.1917,167.77,54.54,160.68,234.86,202.41,77.78,249.71,133.47,135.15,160.42,415.01,218.03,59.28,231.25,54.46,141.03,181.755,114.65,419.08,216.89,139.6201,143.11,175.46,51.52,53.01,65.66,52.2188,114.65,116.66,56.98,111.1,50.735,100.12,110.5104,56405.4,1.647846,3489.52,40.224000000000004
2021-05-07,158.96,254.09,130.2,235.46,240.98,53.41,109.995,370.82,339.28,228.78,145.36,57.67,168.49,54.5,161.24,234.71,203.06,78.4,252.33,137.79,135.12,160.74,417.4,216.46,58.72,232.17,54.51,140.15,184.815,114.645,422.09,218.71,140.62,144.87,177.36,52.145,53.5,66.39,52.26,114.645,116.83,56.92,111.6,50.74,100.125,110.5101,57337.2,1.653198,3481.22,39.753
2021-05-10,158.74,252.63,126.9,232.95,242.61,53.18,109.59,368.67,341.13,230.9,146.2,55.99,170.39,54.9,161.27,237.0,207.4,78.19,247.27,136.37,137.68,161.68,420.91,213.89,59.52,225.97,55.12,140.86,184.29,114.43,417.98,216.06,140.8,144.74,175.42,51.86,52.49,65.23,52.3056,114.43,116.74,56.9,111.35,50.72,100.125,110.52,55848.9,1.643057,3947.9,36.378
2021-05-11,154.45,252.3,125.8492,228.79,239.35,52.83,106.69,360.08,330.68,229.15,144.22,55.04,168.8,54.32,158.55,233.88,203.73,77.45,246.228,137.12,136.96,156.69,411.9,215.63,58.54,225.56,54.24,139.54,181.68,114.19,414.27,214.44,138.92,142.71,173.64,51.25,52.35,64.99,52.24,114.19,116.605,56.78,111.08,50.7278,100.125,110.52,56695.7,1.763466,4167.78,38.523
2021-05-12,152.31,250.86,122.8255,220.79,237.3,51.6,107.37,354.41,317.0699,220.04,141.29,53.62,168.2,54.04,157.5499,227.93,198.88,78.0,239.03,133.38,135.53,153.75,405.3,210.55,58.42,220.59,53.05,135.935,177.85,113.79,405.44,209.52,136.67,139.2,168.48,50.34,51.01,63.18,52.29,113.79,116.42,56.63,110.09,50.715,100.12,110.51,49384.2,1.567691,3811.77,35.9
2021-05-13,154.04,252.2,124.92,222.65,240.06,52.48,106.665,358.84,325.37,223.83,144.18,53.9999,169.89,54.5,161.44,229.69,203.35,78.67,242.88,133.62,137.72,157.73,408.43,211.79,58.78,223.67,54.12,138.24,178.13,114.015,410.26,211.95,138.6,141.51,171.825,50.7,50.97,63.16,52.24,114.015,116.39,56.635,110.61,50.72,100.13,110.515,49704.6,1.929455,3719.62,37.301
2021-05-14,157.15,251.35,127.44,228.49,242.12,52.9,109.45,368.76,323.51,227.35,144.66,55.33,170.19,54.71,164.01,231.68,204.38,78.275,248.15,135.93,138.01,160.54,409.58,217.6,58.69,226.89,54.71,139.51,173.61,114.28,416.53,215.52,140.17,143.67,175.25,51.52,51.81,64.23,52.355,114.28,116.67,56.7,111.22,50.74,100.13,110.5199,49839.8,2.0055680000000002,4075.38,40.407
2021-05-17,156.81,252.39,126.26,227.99,244.83,52.96,110.81,369.34,320.25,226.59,145.09,55.34,170.46,54.64,164.6998,231.68,205.1,79.87,245.18,136.44,137.76,160.27,408.64,215.04,57.95,226.45,55.31,138.93,170.08,114.165,415.54,214.98,140.25,143.99,175.89,51.43,51.83,64.11,52.4389,114.165,116.67,56.635,111.16,50.73,100.1216,110.52,43541.3,2.031362,3279.68,33.298
2021-05-18,154.95,250.89,124.85,227.55,239.47,52.94,106.18,364.42,316.77,222.48,143.91,54.86,170.55,54.33,162.36,232.0,203.06,79.39,243.02,135.56,136.3201,157.29,410.25,214.37,57.17,225.6,55.26,141.87,169.67,114.07,412.0,213.38,138.94,142.63,173.77,51.6,52.57,64.98,52.435,114.07,116.69,56.625,111.17,50.75,100.13,110.51,42897.3,2.005655,3377.55,35.037
2021-05-19,154.73,248.7,124.69,224.375,236.84,52.46,103.21,358.38,314.53,221.38,143.19,55.37,170.12,54.1683,161.1102,230.15,202.61,79.37,243.14,133.02,136.6,157.0,409.78,221.34,56.93,224.59,54.82,141.94,169.23,113.92,410.9,212.75,138.13,141.54,171.99,51.16,52.405,64.8,52.24,113.92,116.53,56.57,110.69,50.75,100.12,110.52,36720.5,1.4717049999999998,2435.69,23.194000000000003
2021-05-20,155.58,251.93,127.31,227.73,234.99,52.87,103.58,359.88,315.99,222.14,143.87,55.95,171.07,54.66,160.85,232.15,201.64,79.66,246.48,133.27,138.03,158.8,408.71,223.86,56.79,226.52,54.64,142.37,171.36,114.29,415.24,215.06,138.78,142.25,171.98,51.84,52.645,65.2,52.235,114.29,116.65,56.67,111.41,50.75,100.13,110.51,40717.2,1.803268,2777.55,26.305999999999997
2021-05-21,156.88,251.01,125.43,234.83,237.24,52.43,104.12,366.27,315.83,223.21,144.77,56.09,171.04,54.62,162.7,231.25,201.87,79.16,245.19,132.69,138.01,159.14,412.04,222.58,56.91,226.96,54.88,141.77,172.46,114.32,414.95,215.0,139.3,142.43,172.7,51.83,52.08,64.48,52.304,114.32,116.68,56.735,111.183,50.75,100.125,110.52,37297.4,1.54761,2433.11,21.904
2021-05-24,158.63,247.6,127.1001,237.44,238.89,53.39,105.6,368.3,314.85,225.01,144.72,56.96,170.59,54.8,163.57,232.07,202.65,79.03,250.85,134.06,137.97,158.79,411.01,227.0,56.98,229.31,54.83,141.8,174.32,114.455,419.12,217.09,139.86,143.38,173.54,52.1575,52.57,65.04,52.39,114.455,116.74,56.77,111.29,50.745,100.12,110.51,38750.6,1.547325,2646.79,24.607
2021-05-25,158.01,242.0,126.93,240.74,237.29,53.3,103.86,364.55,316.77,224.07,143.78,56.88,170.17,54.79,161.89,232.13,201.77,77.5,251.85,134.31,138.43,156.57,413.07,227.76,56.49,229.08,54.2,142.38,176.2,114.74,418.25,216.48,139.0,142.14,171.8,52.16,53.09,65.68,52.42,114.74,116.91,56.91,111.82,50.76,100.13,110.52,38378.3,1.552066,2705.09,25.136
2021-05-26,158.58,238.5,126.85,241.37,237.71,52.91,104.14,367.55,317.46,224.28,143.38,56.95,169.07,55.03,161.87,232.39,201.62,77.24,251.5,136.89,138.16,157.17,413.35,229.69,56.37,227.1,52.02,142.195,176.48,114.69,419.04,217.37,139.26,143.0,174.25,52.175,53.51,66.19,52.37,114.69,117.04,57.025,111.86,50.7677,100.13,110.5116,39249.2,1.777995,2884.66,29.389
2021-05-27,159.82,235.5,125.45,250.85,241.54,52.91,103.09,371.385,318.82,231.3,143.75,57.81,169.04,55.55,164.57,234.92,203.3,75.92,249.7,136.55,134.97,159.385,413.12,225.66,56.39,226.98,53.06,141.79,179.14,114.545,419.69,217.92,139.91,143.98,176.22,52.305,53.63,66.255,52.365,114.545,117.005,56.895,111.61,50.7625,100.125,110.51,38417.3,1.64515,2735.88,28.443
2021-05-28,160.17,238.03,124.62,247.03,241.08,52.9,103.83,372.06,319.15,230.98,143.81,57.12,169.29,55.29,164.28,233.95,203.1,75.89,249.79,136.48,134.92,159.72,412.2,238.16,56.52,227.44,52.64,142.08,178.72,114.51,420.02,218.14,139.94,144.04,175.97,52.42,53.85,66.62,52.385,114.51,116.99,56.93,111.9,50.76,100.13,110.5,35662.5,1.5122440000000001,2414.29,25.884
2021-06-01,163.75,233.65,124.3,254.7,242.76,52.62,106.64,382.35,316.21,232.99,144.19,56.91,165.47,55.28,166.05,233.2,203.23,75.19,247.38,134.5,132.88,160.89,406.63,236.21,56.39,226.59,52.84,141.65,178.86,114.34,419.63,218.15,140.14,145.17,178.435,52.6977,55.0,67.99,52.425,114.34,116.84,56.87,111.67,50.745,100.12,110.505,36687.6,1.735191,2633.67,27.413
2021-06-02,164.14,235.1,125.09,255.6,243.395,52.95,108.09,383.46,313.24,230.72,145.73,57.49,166.24,55.5,166.12,233.79,203.34,75.87,247.33,134.17,133.48,160.22,405.73,234.615,56.66,229.68,53.85,141.35,177.01,114.485,420.38,218.51,140.41,145.44,178.98,52.86,55.14,68.1,52.42,114.485,116.94,56.9375,111.81,50.745,100.12,110.51,37555.8,1.753108,2706.1,27.625999999999998
2021-06-03,164.53,235.73,123.555,250.285,243.84,53.33,107.58,388.71,311.4,229.19,145.56,56.23,166.07,55.64,166.22,232.45,203.66,73.9,245.71,134.17,135.87,161.0,407.89,230.8,56.99,228.12,54.78,141.6,176.25,114.21,418.86,217.472,140.74,145.2,177.78,52.57,54.52,67.41,52.355,114.21,116.95,56.855,111.28,50.74,100.12,110.5,39187.3,1.844539,2853.35,28.664
2021-06-04,165.0,236.86,125.88,249.96,244.08,54.06,108.45,391.45,311.02,230.07,147.42,57.37,166.03,56.26,166.46,233.37,206.05,74.12,250.78,133.76,135.96,160.0,405.73,237.49,57.3,230.22,54.84,141.85,177.22,114.665,422.57,219.34,141.18,145.58,178.06,53.08,55.01,68.03,52.44,114.665,117.12,56.99,112.03,50.74,100.115,110.505,36851.3,1.709007,2686.5,26.42
2021-06-07,165.94,237.23,125.91,252.62,239.76,53.93,107.73,388.09,309.94,228.19,148.02,57.09,164.84,56.05,165.64,231.7,203.71,72.79,253.87,133.925,136.41,157.74,400.27,238.12,57.19,231.32,54.56,140.9,177.01,114.595,422.23,219.64,140.96,145.21,178.88,53.2,54.78,67.73,52.39,114.595,117.11,56.94,111.78,50.74,100.115,110.51,33578.0,1.564406,2592.63,24.212
2021-06-08,166.47,236.82,126.74,252.77,240.17,54.12,108.73,384.8,310.88,229.8,149.07,56.99,163.39,55.655,165.0,232.64,203.56,72.4,252.54,133.35,134.84,157.52,401.74,236.41,57.15,232.05,54.0,139.83,176.34,114.82,422.27,219.93,140.77,145.64,180.69,53.145,54.55,67.41,52.35,114.82,117.25,57.03,112.19,50.74,100.11,110.5,33382.9,1.585148,2510.65,23.429000000000002
2021-06-09,164.08,239.57,127.16,248.09,234.64,54.02,107.78,382.78,307.41,227.81,150.67,57.01,165.67,55.48,162.94,231.47,202.74,74.04,253.62,131.83,134.8,154.73,401.1,236.07,57.05,232.31,53.43,139.05,176.07,115.05,421.62,219.43,140.27,144.81,179.16,52.96,54.51,67.24,52.275,115.05,117.55,57.135,112.57,50.74,100.12,110.51,37332.2,1.6247690000000001,2606.23,25.105
2021-06-10,162.27,244.65,126.11,248.37,225.74,55.03,108.41,373.75,308.17,226.27,150.58,57.37,167.08,55.91,160.4,234.59,203.16,76.16,257.24,131.0,135.8,154.08,401.66,240.11,57.34,233.95,55.31,139.86,176.57,115.3,423.58,220.33,140.26,144.3,177.74,53.12,54.9,67.32,52.4181,115.3,117.61,57.2,112.79,50.735,100.115,110.505,36649.4,1.531499,2469.97,23.56
2021-06-11,164.5,242.67,127.3521,247.16,220.56,54.78,107.915,378.1,310.79,225.19,151.3,57.85,164.96,56.16,160.31,236.94,202.81,76.28,257.89,131.93,134.86,154.5,397.89,240.31,57.33,234.96,55.31,140.74,177.38,115.24,424.32,220.96,140.36,144.9,179.36,53.21,54.68,67.085,52.32,115.24,117.53,57.3,112.89,50.74,100.115,110.49,37314.6,1.436004,2351.45,21.85
2021-06-14,163.81,241.18,130.49,245.12,219.01,54.19,107.97,373.07,309.45,223.19,150.04,58.2,165.36,55.541,157.59,237.03,201.37,75.46,259.88,131.36,134.91,153.31,399.05,246.28,57.18,234.07,54.43,140.57,178.17,114.97,425.29,221.36,139.68,143.83,177.46,53.295,54.88,67.32,52.3,114.97,117.58,57.155,112.24,50.75,100.11,110.49,40529.4,1.575848,2581.48,24.155
2021-06-15,166.3,239.86,129.74,246.565,219.46,53.8,110.34,371.6,306.58,222.5,149.49,58.01,164.5,55.42,155.31,236.35,200.62,75.71,258.52,130.32,134.66,154.68,400.55,242.62,57.29,233.065,54.25,140.035,175.9,114.995,424.5,220.74,139.85,144.0051,177.8,53.31,54.52,66.87,52.365,114.995,117.51,57.1,112.44,50.745,100.11,110.49,40156.1,1.5565129999999998,2543.83,23.439
2021-06-16,164.66,239.65,130.14,242.23,217.16,53.47,109.67,371.07,302.82,219.0,147.84,57.22,164.43,54.6743,156.28,235.58,196.9,76.62,257.51,130.41,132.79,152.79,397.32,242.44,56.63,229.6,53.31,137.11,174.69,114.63,422.12,219.65,138.84,142.92,177.02,52.94,53.75,65.95,52.11,114.63,117.195,57.0,111.57,50.74,100.115,110.49,38336.0,1.4833290000000001,2367.28,21.811
2021-06-17,162.12,240.71,131.78,239.22,209.47,53.12,107.07,361.5,303.19,216.2,145.61,57.18,165.22,54.95,151.78,233.86,195.15,77.21,260.91,128.94,134.0,148.92,397.35,244.43,56.52,232.22,52.81,137.7,174.7,114.99,421.97,219.48,137.13,140.43,173.05,52.56,54.09,66.36,52.195,114.99,117.31,57.06,111.92,50.73,100.115,110.49,38052.0,1.481025,2371.62,22.169
2021-06-18,158.16,238.61,130.4,237.33,208.86,52.07,103.04,348.79,302.64,212.2,143.11,55.68,161.92,53.73,147.88,229.56,191.54,76.64,259.32,128.39,132.06,144.75,389.46,242.6,55.84,230.43,50.86,135.1,172.45,115.29,415.01,216.6,134.47,137.59,169.04,51.55,53.66,65.82,52.1213,115.29,117.325,57.08,112.27,50.72,100.1,110.485,35749.4,1.4129450000000001,2229.53,20.354
2021-06-21,164.91,240.23,132.29,245.23,213.2,53.19,106.06,357.68,307.54,216.0,146.63,55.88,163.84,54.36,150.4,232.89,195.21,76.73,262.63,130.09,133.07,148.62,398.07,244.5,56.38,234.32,51.93,136.39,173.99,114.96,420.85,219.67,137.06,140.5,173.35,51.86,53.63,66.19,52.17,114.96,117.18,57.03,112.2,50.7175,100.105,110.48,31692.0,1.175748,1891.18,15.870999999999999
2021-06-22,164.56,239.99,133.97,243.75,213.04,53.26,106.4,357.53,312.72,215.49,146.36,55.88,163.675,54.56,150.21,233.83,195.14,76.16,265.51,132.5,133.16,148.31,398.58,243.0,56.365,235.95,51.77,137.03,173.51,115.11,423.06,220.92,137.16,140.55,173.36,51.88,53.39,65.93,52.305,115.11,117.2,57.04,112.14,50.73,100.1,110.48,32496.4,1.151981,1876.66,16.366
2021-06-23,166.03,238.71,133.7,243.53,213.79,52.76,106.26,361.16,311.56,214.65,144.61,55.26,162.63,54.12,151.12,233.24,192.36,75.58,265.27,133.09,132.92,147.83,395.55,241.85,56.07,234.67,52.08,135.98,175.325,115.05,422.6,220.86,136.71,140.35,173.51,51.62,53.73,66.31,52.32,115.05,116.91,57.01,112.28,50.73,100.1,110.4801,33674.3,1.250572,1968.39,17.8
2021-06-24,168.21,240.93,133.4,250.63,219.27,52.78,107.14,368.73,311.93,217.62,145.44,56.07,163.37,54.39,152.5,233.27,193.26,76.36,266.64,133.6,133.02,150.01,398.87,243.78,56.38,236.27,52.09,136.91,177.92,115.07,425.09,221.66,136.97,140.48,174.77,52.07,54.14,66.9,52.285,115.07,116.945,57.04,112.32,50.73,100.1,110.5,34665.8,1.357038,1989.14,18.051
2021-06-25,169.39,242.68,133.11,248.3,216.33,53.05,107.31,368.67,313.72,218.74,146.84,55.91,164.21,54.3,154.02,232.41,195.0,77.21,265.02,154.35,134.93,151.73,404.96,242.74,56.38,237.43,52.15,138.53,178.35,114.89,426.57,222.48,137.8,141.63,176.05,52.21,54.555,67.39,52.31,114.89,116.95,56.94,112.12,50.715,100.11,110.49,31594.0,1.254732,1810.57,15.88
2021-06-28,164.79,242.84,134.75,239.96,216.27,52.97,103.98,368.595,314.35,216.74,145.27,57.48,164.06,54.26,154.32,231.08,196.49,76.86,268.72,152.39,135.32,149.45,401.41,244.57,56.18,234.1,52.21,138.09,176.555,115.16,427.48,222.73,137.24,140.66,173.51,51.869,54.695,67.5,52.32,115.16,117.1,57.07,112.335,50.73,100.101,110.485,34475.9,1.324686,2083.09,17.69
2021-06-29,164.26,242.43,136.33,235.8,215.12,52.92,103.76,372.62,318.22,215.94,145.55,56.76,164.07,53.87,154.14,230.36,195.97,77.23,271.4,155.96,134.4,149.52,398.1,245.82,55.83,235.86,51.99,137.28,173.92,115.25,427.68,222.81,136.89,140.34,172.78,51.85,54.64,67.44,52.3699,115.25,117.12,57.015,112.3,50.7301,100.11,110.48,35834.7,1.3711659999999999,2158.71,18.537
2021-06-30,165.25,243.76,136.94,239.55,217.64,53.02,104.71,379.445,318.8,219.35,146.59,56.15,164.74,54.1,155.48,230.99,198.59,77.77,270.89,154.47,134.92,149.71,400.41,244.15,56.03,233.97,52.61,141.02,175.72,115.35,428.08,222.83,137.42,140.49,173.67,51.52,54.28,67.0,52.4,115.35,117.18,57.1,112.45,50.74,100.11,110.49,35026.9,1.383782,2273.84,19.258
2021-07-01,166.92,246.9,137.27,239.75,216.71,53.43,106.205,374.96,321.585,220.625,146.84,56.0,165.96,53.97,157.08,232.28,199.12,77.99,271.72,158.02,135.23,151.81,404.95,244.93,56.29,235.23,48.71,139.32,177.28,115.115,430.47,224.01,138.43,141.73,175.21,51.65,54.01,66.66,51.925,115.115,117.07,57.09,111.96,50.71,100.1,110.485,33543.6,1.333002,2109.11,17.824
2021-07-02,168.51,248.7,139.96,236.715,217.77,53.53,106.07,374.16,322.77,221.28,140.01,56.76,168.98,54.18,156.03,233.68,199.96,78.6,277.66,159.72,135.91,151.28,409.41,248.21,56.44,238.63,48.16,140.13,177.0802,115.37,433.75,225.28,138.8,141.69,174.39,51.87,53.95,66.68,52.01,115.37,117.19,57.21,112.13,50.7,100.11,110.48,33813.4,1.395476,2154.78,18.224
2021-07-06,169.58,243.62,142.02,236.14,213.5,52.9799,103.99,369.86,319.26,218.56,138.78,56.1,167.99,53.88,153.42,232.78,196.89,78.12,277.66,160.11,135.99,150.86,410.28,250.17,56.41,239.61,47.69,139.93,173.64,115.75,432.9,224.68,137.38,139.98,171.33,51.53,52.98,65.535,52.03,115.75,117.32,57.315,112.21,50.705,100.1,110.48,34225.6,1.416315,2322.72,22.296999999999997
2021-07-07,170.99,243.23,144.59,231.75,214.6501,53.26,102.94,367.69,323.31,220.73,139.83,55.96,169.43,54.33,153.68,234.71,199.86,78.59,280.0,160.15,137.01,152.26,411.65,248.35,56.54,240.27,47.5,139.73,172.82,115.95,434.43,225.08,137.87,140.29,170.95,51.735,53.05,65.56,51.995,115.95,117.465,57.435,112.41,50.72,100.11,110.48,33867.8,1.4037879999999998,2316.57,22.259
2021-07-08,167.51,244.28,143.32,236.77,212.11,53.27,102.62,359.06,318.54,219.3,140.74,55.45,169.09,54.13,150.98,232.93,198.3,78.13,277.53,160.64,136.98,148.6,410.2,245.95,55.69,236.72,46.72,139.6,172.86,116.06,430.95,223.17,136.52,138.66,168.84,50.98,52.01,64.25,52.0,116.06,117.69,57.43,112.19,50.725,100.1,110.4812,32866.3,1.3323610000000001,2120.22,20.442
2021-07-09,171.94,245.16,145.11,239.59,217.49,53.73,104.07,371.77,322.1,224.16,141.5,55.99,169.74,54.46,155.78,235.7,200.98,77.98,277.92,160.97,137.03,153.33,412.12,245.06,56.07,238.45,47.4,140.3,177.03,115.69,435.48,225.87,138.52,141.31,173.03,51.87,52.99,65.3,52.04,115.69,117.6,57.31,112.13,50.72,100.1,110.485,33797.4,1.349457,2145.89,20.976
